{"cameraMode":{"drawMode":0,"name":"Shaded","section":"Shading Mode"},"sceneLighting":true,"audioPlay":false,"sceneViewState":{"showFog":true,"showMaterialUpdate":false,"showSkybox":true,"showFlares":true,"showImageEffects":true,"showParticleSystems":true},"in2DMode":false,"pivot":{"x":-2.144273281097412,"y":0.779671311378479,"z":2.6860666275024416},"rotation":{"x":0.25594362616539,"y":0.023197855800390245,"z":-0.006144109647721052,"w":0.9663995504379273},"size":1.75980806350708,"orthographic":false}