{"cameraMode":{"drawMode":0,"name":"Shaded","section":"Shading Mode"},"sceneLighting":false,"audioPlay":false,"sceneViewState":{"showFog":true,"showMaterialUpdate":false,"showSkybox":false,"showFlares":true,"showImageEffects":true,"showParticleSystems":true},"in2DMode":false,"pivot":{"x":-0.11592113971710205,"y":0.4387882947921753,"z":0.38393208384513857},"rotation":{"x":0.13808146119117738,"y":-0.504915714263916,"z":0.08220646530389786,"w":0.8480848670005798},"size":0.49045100808143618,"orthographic":false}