{"cameraMode":{"drawMode":0,"name":"Shaded","section":"Shading Mode"},"sceneLighting":false,"audioPlay":false,"sceneViewState":{"showFog":true,"showMaterialUpdate":false,"showSkybox":false,"showFlares":true,"showImageEffects":true,"showParticleSystems":true},"in2DMode":false,"pivot":{"x":0.027682514861226083,"y":-0.1387242078781128,"z":-0.343037486076355},"rotation":{"x":0.5586443543434143,"y":0.01119184773415327,"z":-0.007539949845522642,"w":0.8293023109436035},"size":1.1187045574188233,"orthographic":false}