{"cameraMode":{"drawMode":0,"name":"Shaded","section":"Shading Mode"},"sceneLighting":true,"audioPlay":false,"sceneViewState":{"showFog":true,"showMaterialUpdate":false,"showSkybox":true,"showFlares":true,"showImageEffects":true,"showParticleSystems":true},"in2DMode":false,"pivot":{"x":0.15639114379882813,"y":0.2861824035644531,"z":-0.14137452840805055},"rotation":{"x":0.6719321608543396,"y":-0.001115578692406416,"z":0.0010107853449881077,"w":0.7406212091445923},"size":3.8777225017547609,"orthographic":false}