{"cameraMode":{"drawMode":0,"name":"Shaded","section":"Shading Mode"},"sceneLighting":false,"audioPlay":false,"sceneViewState":{"showFog":true,"showMaterialUpdate":false,"showSkybox":false,"showFlares":true,"showImageEffects":true,"showParticleSystems":true},"in2DMode":false,"pivot":{"x":-0.1499999761581421,"y":0.3500000238418579,"z":-0.19999998807907105},"rotation":{"x":0.6719321608543396,"y":-0.001115578692406416,"z":0.0010107853449881077,"w":0.7406212091445923},"size":1.151086449623108,"orthographic":false}