{"cameraMode":{"drawMode":0,"name":"Shaded","section":"Shading Mode"},"sceneLighting":false,"audioPlay":false,"sceneViewState":{"showFog":true,"showMaterialUpdate":false,"showSkybox":false,"showFlares":true,"showImageEffects":true,"showParticleSystems":true},"in2DMode":false,"pivot":{"x":0.004265733063220978,"y":0.5019402503967285,"z":-0.5060659646987915},"rotation":{"x":0.6390763521194458,"y":-0.005773813463747501,"z":0.004793925676494837,"w":0.7691246271133423},"size":1.778791904449463,"orthographic":false}