{"cameraMode":{"drawMode":0,"name":"Shaded","section":"Shading Mode"},"sceneLighting":false,"audioPlay":false,"sceneViewState":{"showFog":true,"showMaterialUpdate":false,"showSkybox":false,"showFlares":true,"showImageEffects":true,"showParticleSystems":true},"in2DMode":false,"pivot":{"x":0.46354958415031435,"y":0.28429222106933596,"z":-0.8554544448852539},"rotation":{"x":0.6762566566467285,"y":-0.01326416153460741,"z":0.012174691073596478,"w":0.736460268497467},"size":3.278791666030884,"orthographic":false}