{"cameraMode":{"drawMode":0,"name":"Shaded","section":"Shading Mode"},"sceneLighting":false,"audioPlay":false,"sceneViewState":{"showFog":true,"showMaterialUpdate":false,"showSkybox":false,"showFlares":true,"showImageEffects":true,"showParticleSystems":true},"in2DMode":false,"pivot":{"x":0.09812922775745392,"y":0.039181530475616458,"z":0.08567479252815247},"rotation":{"x":-0.501201331615448,"y":0.06921827048063278,"z":-0.04014356806874275,"w":-0.8616845607757568},"size":0.21794497966766358,"orthographic":false}