{"cameraMode":{"drawMode":0,"name":"Shaded","section":"Shading Mode"},"sceneLighting":false,"audioPlay":false,"sceneViewState":{"showFog":true,"showMaterialUpdate":false,"showSkybox":false,"showFlares":true,"showImageEffects":true,"showParticleSystems":true},"in2DMode":false,"pivot":{"x":-0.09891108423471451,"y":0.2588064670562744,"z":-0.03240180015563965},"rotation":{"x":-0.6230087876319885,"y":0.04381440207362175,"z":-0.034986745566129687,"w":-0.78024822473526},"size":1.3301162719726563,"orthographic":false}