{"cameraMode":{"drawMode":0,"name":"Shaded","section":"Shading Mode"},"sceneLighting":false,"audioPlay":false,"sceneViewState":{"showFog":true,"showMaterialUpdate":false,"showSkybox":false,"showFlares":true,"showImageEffects":true,"showParticleSystems":true},"in2DMode":false,"pivot":{"x":0.15000000596046449,"y":0.3500000238418579,"z":0.44999998807907107},"rotation":{"x":-0.6274926066398621,"y":0.003967649303376675,"z":-0.0031994786113500597,"w":-0.7786513566970825},"size":1.309269905090332,"orthographic":false}