{"cameraMode":{"drawMode":0,"name":"Shaded","section":"Shading Mode"},"sceneLighting":false,"audioPlay":false,"sceneViewState":{"showFog":true,"showMaterialUpdate":false,"showSkybox":false,"showFlares":true,"showImageEffects":true,"showParticleSystems":true},"in2DMode":false,"pivot":{"x":0.0,"y":0.30000001192092898,"z":-0.15000000596046449},"rotation":{"x":-0.33284059166908266,"y":0.000562139437533915,"z":-0.0002012881450355053,"w":-0.9429948329925537},"size":0.3500000238418579,"orthographic":false}