{"cameraMode":{"drawMode":0,"name":"Shaded","section":"Shading Mode"},"sceneLighting":false,"audioPlay":false,"sceneViewState":{"showFog":true,"showMaterialUpdate":false,"showSkybox":false,"showFlares":true,"showImageEffects":true,"showParticleSystems":true},"in2DMode":false,"pivot":{"x":-0.15977954864501954,"y":0.2939877510070801,"z":0.11093902587890625},"rotation":{"x":-0.24218542873859406,"y":-0.4746328294277191,"z":0.13766655325889588,"w":-0.8349469900131226},"size":1.25,"orthographic":false}