{"cameraMode":{"drawMode":0,"name":"Shaded","section":"Shading Mode"},"sceneLighting":false,"audioPlay":false,"sceneViewState":{"showFog":true,"showMaterialUpdate":false,"showSkybox":false,"showFlares":true,"showImageEffects":true,"showParticleSystems":true},"in2DMode":false,"pivot":{"x":-0.23753896355628968,"y":0.3262583017349243,"z":-0.09367752075195313},"rotation":{"x":-0.3018243610858917,"y":-0.1782328337430954,"z":0.057544857263565066,"w":-0.9347951412200928},"size":0.7791420817375183,"orthographic":false}