{"cameraMode":{"drawMode":0,"name":"Shaded","section":"Shading Mode"},"sceneLighting":false,"audioPlay":false,"sceneViewState":{"showFog":true,"showMaterialUpdate":false,"showSkybox":false,"showFlares":true,"showImageEffects":true,"showParticleSystems":true},"in2DMode":false,"pivot":{"x":-0.03411278501152992,"y":0.5154613256454468,"z":-0.018603980541229249},"rotation":{"x":0.2727685570716858,"y":-0.017015956342220308,"z":0.004831534810364246,"w":0.9619287848472595},"size":1.3422951698303223,"orthographic":false}