{"cameraMode":{"drawMode":0,"name":"Shaded","section":"Shading Mode"},"sceneLighting":false,"audioPlay":false,"sceneViewState":{"showFog":true,"showMaterialUpdate":false,"showSkybox":false,"showFlares":true,"showImageEffects":true,"showParticleSystems":true},"in2DMode":false,"pivot":{"x":-0.16059231758117677,"y":0.19816642999649049,"z":-0.09649193286895752},"rotation":{"x":-0.2216564267873764,"y":0.3802725076675415,"z":-0.09439636766910553,"w":-0.8929582834243774},"size":0.6500000357627869,"orthographic":false}