{"cameraMode":{"drawMode":0,"name":"Shaded","section":"Shading Mode"},"sceneLighting":false,"audioPlay":false,"sceneViewState":{"showFog":true,"showMaterialUpdate":false,"showSkybox":false,"showFlares":true,"showImageEffects":true,"showParticleSystems":true},"in2DMode":false,"pivot":{"x":0.2112087905406952,"y":0.3643531799316406,"z":0.0377463698387146},"rotation":{"x":-0.4163457751274109,"y":0.14410507678985597,"z":-0.06701315939426422,"w":-0.89523845911026},"size":0.5787918567657471,"orthographic":false}