{"cameraMode":{"drawMode":0,"name":"Shaded","section":"Shading Mode"},"sceneLighting":false,"audioPlay":false,"sceneViewState":{"showFog":true,"showMaterialUpdate":false,"showSkybox":false,"showFlares":true,"showImageEffects":true,"showParticleSystems":true},"in2DMode":false,"pivot":{"x":-0.08628357946872711,"y":0.3663172721862793,"z":-0.0011523962020874024},"rotation":{"x":-0.6085304021835327,"y":0.01475393958389759,"z":-0.011320163495838642,"w":-0.7933609485626221},"size":1.2689545154571534,"orthographic":false}