{"cameraMode":{"drawMode":0,"name":"Shaded","section":"Shading Mode"},"sceneLighting":false,"audioPlay":false,"sceneViewState":{"showFog":true,"showMaterialUpdate":false,"showSkybox":false,"showFlares":true,"showImageEffects":true,"showParticleSystems":true},"in2DMode":false,"pivot":{"x":0.0,"y":0.3500000238418579,"z":0.10000002384185791},"rotation":{"x":-0.3325163424015045,"y":0.04156884923577309,"z":-0.014674700796604157,"w":-0.9420760869979858},"size":0.43011629581451418,"orthographic":false}