{"cameraMode":{"drawMode":0,"name":"Shaded","section":"Shading Mode"},"sceneLighting":false,"audioPlay":false,"sceneViewState":{"showFog":true,"showMaterialUpdate":false,"showSkybox":false,"showFlares":true,"showImageEffects":true,"showParticleSystems":true},"in2DMode":false,"pivot":{"x":0.0,"y":0.30000001192092898,"z":-0.15000000596046449},"rotation":{"x":-0.3446231484413147,"y":-0.06835432350635529,"z":0.02516450732946396,"w":-0.9359229803085327},"size":0.3500000238418579,"orthographic":false}