{"cameraMode":{"drawMode":0,"name":"Shaded","section":"Shading Mode"},"sceneLighting":false,"audioPlay":false,"sceneViewState":{"showFog":true,"showMaterialUpdate":false,"showSkybox":false,"showFlares":true,"showImageEffects":true,"showParticleSystems":true},"in2DMode":false,"pivot":{"x":-0.2104451209306717,"y":0.26312029361724856,"z":-0.3002120554447174},"rotation":{"x":-0.566679060459137,"y":0.041233524680137637,"z":-0.028417663648724557,"w":-0.8224580883979797},"size":0.5787918567657471,"orthographic":false}