{"cameraMode":{"drawMode":0,"name":"Shaded","section":"Shading Mode"},"sceneLighting":false,"audioPlay":false,"sceneViewState":{"showFog":true,"showMaterialUpdate":false,"showSkybox":false,"showFlares":true,"showImageEffects":true,"showParticleSystems":true},"in2DMode":false,"pivot":{"x":0.0,"y":0.3500000238418579,"z":-0.04999998211860657},"rotation":{"x":-0.6049366593360901,"y":0.015998853370547296,"z":-0.01216107327491045,"w":-0.7960682511329651},"size":0.5787918567657471,"orthographic":false}