{"cameraMode":{"drawMode":0,"name":"Shaded","section":"Shading Mode"},"sceneLighting":true,"audioPlay":false,"sceneViewState":{"showFog":true,"showMaterialUpdate":false,"showSkybox":true,"showFlares":true,"showImageEffects":true,"showParticleSystems":true},"in2DMode":false,"pivot":{"x":-0.9080490469932556,"y":-5.247719764709473,"z":7.709152698516846},"rotation":{"x":0.4593849182128906,"y":-0.005334492307156324,"z":0.002756052417680621,"w":0.8882237076759338},"size":4.09499454498291,"orthographic":false}