{"cameraMode":{"drawMode":0,"name":"Shaded","section":"Shading Mode"},"sceneLighting":true,"audioPlay":false,"sceneViewState":{"showFog":true,"showMaterialUpdate":false,"showSkybox":true,"showFlares":true,"showImageEffects":true,"showParticleSystems":true},"in2DMode":false,"pivot":{"x":-2.3339624404907228,"y":-5.592680931091309,"z":11.706815719604493},"rotation":{"x":-0.41892340779304507,"y":0.032641053199768069,"z":-0.014317343942821026,"w":-0.9078419804573059},"size":10.422112464904786,"orthographic":false}