{"cameraMode":{"drawMode":0,"name":"Shaded","section":"Shading Mode"},"sceneLighting":true,"audioPlay":false,"sceneViewState":{"showFog":true,"showMaterialUpdate":false,"showSkybox":true,"showFlares":true,"showImageEffects":true,"showParticleSystems":true},"in2DMode":false,"pivot":{"x":4.965069770812988,"y":-0.1588982343673706,"z":17.25397491455078},"rotation":{"x":-0.03693829104304314,"y":-0.20449824631214143,"z":0.008048692718148232,"w":-0.97824627161026},"size":8.809989929199219,"orthographic":false}