{"cameraMode":{"drawMode":0,"name":"Shaded","section":"Shading Mode"},"sceneLighting":true,"audioPlay":false,"sceneViewState":{"showFog":true,"showMaterialUpdate":false,"showSkybox":true,"showFlares":true,"showImageEffects":true,"showParticleSystems":true},"in2DMode":false,"pivot":{"x":-0.14149285852909089,"y":-3.2861528396606447,"z":1.8169349431991578},"rotation":{"x":-0.45671600103378298,"y":0.005869057960808277,"z":-0.00301310233771801,"w":-0.8895920515060425},"size":3.628109931945801,"orthographic":false}