{"cameraMode":{"drawMode":0,"name":"Shaded","section":"Shading Mode"},"sceneLighting":false,"audioPlay":false,"sceneViewState":{"showFog":true,"showMaterialUpdate":false,"showSkybox":false,"showFlares":true,"showImageEffects":true,"showParticleSystems":true},"in2DMode":false,"pivot":{"x":-0.26767539978027346,"y":0.79296875,"z":0.302978515625},"rotation":{"x":-0.585769534111023,"y":-0.0031234356574714185,"z":0.0023398620542138817,"w":-0.810509979724884},"size":3.3398494720458986,"orthographic":true}