{"cameraMode":{"drawMode":0,"name":"Shaded","section":"Shading Mode"},"sceneLighting":false,"audioPlay":false,"sceneViewState":{"showFog":true,"showMaterialUpdate":false,"showSkybox":false,"showFlares":true,"showImageEffects":true,"showParticleSystems":true},"in2DMode":false,"pivot":{"x":0.0,"y":0.02869999408721924,"z":0.0073000043630599979},"rotation":{"x":-0.547376275062561,"y":-0.014545701444149018,"z":0.009551658295094967,"w":-0.8367355465888977},"size":0.26744160056114199,"orthographic":false}