{"cameraMode":{"drawMode":0,"name":"Shaded","section":"Shading Mode"},"sceneLighting":true,"audioPlay":false,"sceneViewState":{"showFog":true,"showMaterialUpdate":false,"showSkybox":true,"showFlares":true,"showImageEffects":true,"showParticleSystems":true},"in2DMode":false,"pivot":{"x":5.8168134689331059,"y":0.1845407485961914,"z":1.8532681465148926},"rotation":{"x":-0.6665508151054382,"y":0.03953744098544121,"z":-0.03540818765759468,"w":-0.7436051368713379},"size":4.440853118896484,"orthographic":false}