{"cameraMode":{"drawMode":0,"name":"Shaded","section":"Shading Mode"},"sceneLighting":false,"audioPlay":false,"sceneViewState":{"showFog":true,"showMaterialUpdate":false,"showSkybox":false,"showFlares":true,"showImageEffects":true,"showParticleSystems":true},"in2DMode":false,"pivot":{"x":0.31666746735572817,"y":0.30411720275878909,"z":-0.08991768956184387},"rotation":{"x":-0.6741465330123901,"y":0.003765766741707921,"z":-0.0034345840103924276,"w":-0.738595187664032},"size":3.569246292114258,"orthographic":false}