{"cameraMode":{"drawMode":0,"name":"Shaded","section":"Shading Mode"},"sceneLighting":false,"audioPlay":false,"sceneViewState":{"showFog":true,"showMaterialUpdate":false,"showSkybox":false,"showFlares":true,"showImageEffects":true,"showParticleSystems":true},"in2DMode":false,"pivot":{"x":-0.04554271697998047,"y":0.255859375,"z":0.9541015625},"rotation":{"x":-0.5966531038284302,"y":-0.0007170631433837116,"z":0.0005478623206727207,"w":-0.8025228977203369},"size":5.6330132484436039,"orthographic":true}