{"cameraMode":{"drawMode":0,"name":"Shaded","section":"Shading Mode"},"sceneLighting":false,"audioPlay":false,"sceneViewState":{"showFog":true,"showMaterialUpdate":false,"showSkybox":false,"showFlares":true,"showImageEffects":true,"showParticleSystems":true},"in2DMode":false,"pivot":{"x":-0.9176086187362671,"y":1.2754993438720704,"z":-1.626640796661377},"rotation":{"x":-0.5194941759109497,"y":-0.012298661284148693,"z":0.0074958959594368938,"w":-0.8543792963027954},"size":2.9510960578918459,"orthographic":false}