{"cameraMode":{"drawMode":0,"name":"Shaded","section":"Shading Mode"},"sceneLighting":false,"audioPlay":false,"sceneViewState":{"showFog":true,"showMaterialUpdate":false,"showSkybox":false,"showFlares":true,"showImageEffects":true,"showParticleSystems":true},"in2DMode":false,"pivot":{"x":-1.551167368888855,"y":0.34200000762939455,"z":-0.7708249688148499},"rotation":{"x":-0.6807664036750794,"y":0.004853357095271349,"z":-0.004469307605177164,"w":-0.7324986457824707},"size":4.320460796356201,"orthographic":false}